link,type,publisher,published,imageSource,imageAlt
https://www.bbc.co.uk/programmes/m00076zz,Programmes,BBC Radio 4,30 July 2019,https://ichef.bbci.co.uk/images/ic/314x176/p07hnl6r.jpg,France and Germany: Divided They Stand
https://www.bbc.co.uk/programmes/p03cgnj1,Programmes,BBC World Service,30 July 2019,https://ichef.bbci.co.uk/images/ic/314x176/p08dwm55.jpg,France Versus The World
https://www.bbc.co.uk/programmes/b01flrss,Programmes,BBC Radio 4,30 July 2019,https://ichef.bbci.co.uk/images/ic/314x176/p01l8hx0.jpg,La France Maintenant
https://www.bbc.co.uk/programmes/p02pcb42,Programmes,BBC Radio 4,BBC Radio 5 live,https://ichef.bbci.co.uk/images/ic/314x176/p06d95xb.jpg,BeSpoke: at the Tour de France
https://www.bbc.co.uk/programmes/m000kc1j,Programmes,BBC Radio 4,BBC One,https://ichef.bbci.co.uk/images/ic/314x176/p08hc6qn.jpg,France '98 - The Three Musketeers
https://www.bbc.co.uk/programmes/b01fhysd,Programmes,BBC Radio 4,10 April 2012,https://ichef.bbci.co.uk/images/ic/314x176/p01hdzdj.jpg,France and Race: A Question of Identite
https://www.bbc.co.uk/programmes/m0003jpr,Programmes,BBC Radio 4,28 March 2019,https://ichef.bbci.co.uk/images/ic/314x176/p0738cgk.jpg,Making Art with Frances Morris: Sophie Calle
https://www.bbc.co.uk/programmes/b03g937k,Programmes,BBC Radio 4,BBC Radio 4 Extra,https://ichef.bbci.co.uk/images/ic/314x176/p01lb096.jpg,The Long Crawl to France
https://www.bbc.co.uk/programmes/p001ymv2,Programmes,BBC Radio 4,BBC Radio Nottingham,https://ichef.bbci.co.uk/images/ic/314x176/p090nq5w.jpg,Frances Finn
https://www.bbc.co.uk/sport/av/rugby-union/60967499,Programmes,BBC Radio 4,Rugby Union,https://ichef.bbci.co.uk/news/416/cpsprodpb/133B0/production/_123986787_p0bz2619.jpg,Women's Six Nations: France overpower Ireland 40-5 to claim second Six Nations win
https://www.bbc.co.uk/sport/rugby-union/60967006,Unknown,Unknown,Irish Rugby,https://ichef.bbci.co.uk/news/416/cpsprodpb/10C46/production/_123987686_lauresansus.jpg,Women's Six Nations: France make it two wins from two by overpowering Ireland 40-5
https://www.bbc.co.uk/programmes/b03j86yd,Programmes,Unknown,BBC Two,https://ichef.bbci.co.uk/images/ic/314x176/p01lb50r.jpg,Floyd on France
https://www.bbc.co.uk/programmes/p03jrlt7,Programmes,BBC World Service,BBC Two,https://ichef.bbci.co.uk/images/ic/314x176/p08dwm55.jpg,France and the Arab World
https://www.bbc.co.uk/sport/rugby-union/60896036,Programmes,BBC World Service,Irish Rugby,https://ichef.bbci.co.uk/news/416/cpsprodpb/A6A1/production/_123875624_griffinindex.jpg,Ciara Griffin column: Ireland can't let ill-discipline stand in their way in France
https://www.bbc.co.uk/sport/live/rugby-union/60903503,Programmes,BBC World Service,Rugby Union,https://ichef.bbci.co.uk/news/416/cpsprodpb/676E/production/_123987462_inpho_01986584.jpg,Women's Six Nations: France overpower Ireland - reaction & tries
https://www.bbc.co.uk/sport/rugby-union/60941173,Programmes,BBC World Service,Irish Rugby,https://ichef.bbci.co.uk/news/416/cpsprodpb/239C/production/_123961190_inpho_01968433.jpg,Women's Six Nations: Ireland wing Beibhinn Parsons on bench for France trip
https://www.bbc.co.uk/sport/rugby-union/60930520,Programmes,BBC World Service,Rugby Union,https://ichef.bbci.co.uk/news/416/cpsprodpb/9867/production/_123951093_scarratt_getty.jpg,Women's Six Nations: France v England finale sells out
https://www.bbc.co.uk/sport/football/60922478,Programmes,BBC World Service,European Football,https://ichef.bbci.co.uk/news/416/cpsprodpb/1419E/production/_123943328_kylianmbappe.jpg,"France 5-0 South Africa: Kylian Mbappe nets twice with Olivier Giroud, Wissam Ben Yedder and Matteo Guendouzi also scoring"
https://www.bbc.co.uk/programmes/m00166zr,Programmes,BBC World Service,BBC Sport,https://ichef.bbci.co.uk/images/ic/314x176/p0bxy62c.jpg,Women's Six Nations Rugby: 2022: France v Ireland
https://www.bbc.co.uk/programmes/p042jbpy,Programmes,BBC World Service,S4C,https://ichef.bbci.co.uk/images/ic/314x176/p09m99nv.jpg,Seiclo: Le Tour de France
https://www.bbc.co.uk/programmes/b00tr8xs,Programmes,Unknown,BBC Radio nan Gàidheal,https://ichef.bbci.co.uk/images/ic/314x176/p01gwcx8.jpg,Tour De France
https://www.bbc.co.uk/programmes/p02cw66g,Programmes,Unknown,S4C,https://ichef.bbci.co.uk/images/ic/314x176/p02d9rxs.jpg,Masters in France o'r Stiwdio Gefn
https://www.bbc.co.uk/programmes/b00hjzxl,Programmes,BBC Radio 4,17 February 2009,https://ichef.bbci.co.uk/images/ic/314x176/p01gddcm.jpg,Vive La France
https://www.bbc.co.uk/programmes/b08xh4dy,Programmes,BBC Parliament,1 July 2017,https://ichef.bbci.co.uk/images/ic/314x176/p057r38y.jpg,"Europe's Summer of Elections - Explaining Political Dynamics in France, Britain and Germany"
https://www.bbc.co.uk/programmes/b00k3x23,Programmes,BBC Radio 4,4 May 2009,https://ichef.bbci.co.uk/images/ic/314x176/p01gg6ch.jpg,France's Forgotten Concentration Camps
https://www.bbc.co.uk/programmes/n3ct6lcm,Programmes,BBC Radio 4,BBC  World News,https://ichef.bbci.co.uk/images/ic/314x176/p075j0gy.jpg,"Jupiter - President Macron, France and Europe"
https://www.bbc.co.uk/programmes/m0001sw4,Programmes,BBC Radio 4,BBC Radio Cymru,https://ichef.bbci.co.uk/images/ic/314x176/p06vgc25.jpg,Tour de France Gareth Rhys Owen
https://www.bbc.co.uk/programmes/b0bft026,Programmes,BBC Radio 4,BBC Radio Wales,https://ichef.bbci.co.uk/images/ic/314x176/p06g11kr.jpg,Plan G: How a Welshman Won the Tour de France
https://www.bbc.co.uk/programmes/p06g83k2,Programmes,BBC Radio 4,BBC Sport,https://ichef.bbci.co.uk/images/ic/314x176/p06gc2cy.jpg,Geraint Thomas' Life-Changing Tour de France Win
https://www.bbc.co.uk/programmes/m0005k59,Programmes,BBC Radio 4,BBC Scotland,https://ichef.bbci.co.uk/images/ic/314x176/p07jhxr3.jpg,Scotland’s Heroes: The Road to France
https://www.bbc.co.uk/programmes/b00f2dcl,Programmes,BBC Radio 4,BBC Radio 4 Extra,https://ichef.bbci.co.uk/images/ic/314x176/p01l2vth.jpg,Misfits in France
https://www.bbc.co.uk/sport/av/rugby-union/60895224,Unknown,Unknown,Rugby Union,https://ichef.bbci.co.uk/news/416/cpsprodpb/8458/production/_123908833_p0bxv167.jpg,Women's Six Nations: France secure bonus-point win against Italy
https://www.bbc.co.uk/sport/av/rugby-union/60895222,Unknown,Unknown,Rugby Union,https://ichef.bbci.co.uk/news/416/cpsprodpb/3638/production/_123908831_p0bxtwl2.jpg,Women's Six Nations: Emilie Boulard scores brilliant try for France against Italy
https://www.bbc.co.uk/sport/rugby-union/60894162,Unknown,Unknown,Rugby Union,https://ichef.bbci.co.uk/news/416/cpsprodpb/6FA4/production/_123908582_gettyimages-1232494335.jpg,Women's Six Nations 2022: France 39-6 Italy
https://www.bbc.co.uk/programmes/b09jqvqv,Programmes,Unknown,BBC ALBA,https://ichef.bbci.co.uk/images/ic/314x176/p05s68mw.jpg,Frances: A Stri ri MS
https://www.bbc.co.uk/programmes/b07j6yk2,Programmes,Unknown,BBC Radio Ulster,https://ichef.bbci.co.uk/images/ic/314x176/p04fyzz1.jpg,The Green Fields of France
https://www.bbc.co.uk/programmes/m0001qfn,Programmes,Unknown,BBC Radio nan Gàidheal,https://ichef.bbci.co.uk/images/ic/314x176/p0b8trth.jpg,Frances: Ceum air cheum
https://www.bbc.co.uk/programmes/b07zhwl7,Programmes,BBC Radio 4,BBC Radio nan Gàidheal,https://ichef.bbci.co.uk/images/ic/314x176/p046y5rq.jpg,Deborah Frances-White Rolls the Dice
https://www.bbc.co.uk/programmes/m000b1qp,Programmes,BBC Radio 4,BBC Two,https://ichef.bbci.co.uk/images/ic/314x176/p07syb6q.jpg,Rick Stein’s Secret France
https://www.bbc.co.uk/programmes/b03b9bhg,Programmes,BBC Parliament,14 September 2013,https://ichef.bbci.co.uk/images/ic/314x176/p01k0vmr.jpg,TUC 2013 - Frances O'Grady Speech
https://www.bbc.co.uk/programmes/m000tlbp,Programmes,BBC Radio 4,14 September 2013,https://ichef.bbci.co.uk/images/ic/314x176/p09b8ftz.jpg,Deborah Frances-White Introduces...
https://www.bbc.co.uk/programmes/b08rqqbs,Programmes,BBC Parliament,8 May 2017,https://ichef.bbci.co.uk/images/ic/314x176/p052c7f1.jpg,French Presidential Election Result: What Next for France and Europe?
https://www.bbc.co.uk/programmes/n27vnqcs,Programmes,BBC Parliament,BBC  World News,https://ichef.bbci.co.uk/images/ic/314x176/p06cxk7p.jpg,Art of France
https://www.bbc.co.uk/programmes/b00fvfmf,Programmes,BBC Parliament,BBC Four,https://ichef.bbci.co.uk/images/ic/314x176/p01g8f4x.jpg,France on a Plate
https://www.bbc.co.uk/programmes/b03t37dw,Programmes,BBC Parliament,BBC Radio 4 Extra,https://ichef.bbci.co.uk/images/ic/314x176/p01r5xqw.jpg,Frances Byrnes - Just Dance
https://www.bbc.co.uk/programmes/b07fdm23,Programmes,BBC Parliament,BBC Radio 4 Extra,https://ichef.bbci.co.uk/images/ic/314x176/p03x61qk.jpg,About the Mountain by Frances Leviston
https://www.bbc.co.uk/programmes/m0009dkm,Programmes,BBC Parliament,BBC Four,https://ichef.bbci.co.uk/images/ic/314x176/p07qkmhw.jpg,France 1939: One Last Summer
https://www.bbc.co.uk/programmes/b07g0znn,Programmes,BBC Parliament,BBC One,https://ichef.bbci.co.uk/images/ic/314x176/p08hsb7m.jpg,"Thierry Henry: My France, My Euros"
https://www.bbc.co.uk/programmes/b01pqn8g,Programmes,BBC Parliament,BBC Radio 4 Extra,https://ichef.bbci.co.uk/images/ic/314x176/p01j19hw.jpg,Frances Byrnes - Goldengrove
https://www.bbc.co.uk/programmes/p05jlqm7,Programmes,BBC Parliament,BBC Radio 5 live,https://ichef.bbci.co.uk/images/ic/314x176/p05jlqn2.jpg,"As Deschamps loses his touch with France, has Atletico's philosophy reached its limits?"
https://www.bbc.co.uk/programmes/b08r8098,Programmes,BBC News Channel,Check BBC for Programme release,https://ichef.bbci.co.uk/images/ic/314x176/p050lb3n.jpg,France Decides
https://www.bbc.co.uk/programmes/b08h4kwn,Programmes,BBC News Channel,BBC Radio 4 Extra,https://ichef.bbci.co.uk/images/ic/314x176/p04txn5w.jpg,Frances McNeil - Nickin' Julius Caesar
https://www.bbc.co.uk/programmes/b07yjm5v,Programmes,BBC News Channel,BBC Radio Wales,https://ichef.bbci.co.uk/images/ic/314x176/p04b2c3r.jpg,Lost in France
https://www.bbc.co.uk/programmes/b03twwlp,Programmes,BBC News Channel,BBC Two,https://ichef.bbci.co.uk/images/ic/314x176/p046djfn.jpg,Frances Ha
https://www.bbc.co.uk/programmes/b00c81q3,Programmes,BBC News Channel,BBC Two,https://ichef.bbci.co.uk/images/ic/314x176/p02lrnry.jpg,Ma France 3 and 4
https://www.bbc.co.uk/programmes/b00ht28c,Programmes,BBC News Channel,BBC Two,https://ichef.bbci.co.uk/images/ic/314x176/p02lrnry.jpg,Ma France 1 and 2
https://www.bbc.co.uk/programmes/b01pr7s5,Programmes,BBC News Channel,BBC Radio 4 Extra,https://ichef.bbci.co.uk/images/ic/314x176/p01j1g8p.jpg,Frances Byrnes - An Unchoreographed World
https://www.bbc.co.uk/programmes/b007srq0,Programmes,BBC News Channel,BBC Radio 4 Extra,https://ichef.bbci.co.uk/images/ic/314x176/p026wrty.jpg,The Man Who Made France Old
https://www.bbc.co.uk/programmes/b00br7x6,Programmes,BBC News Channel,BBC Radio 4 Extra,https://ichef.bbci.co.uk/images/ic/314x176/p01gg7q5.jpg,Frances McNeil - With a Little Help From My Friends
https://www.bbc.co.uk/programmes/b0079t5x,Programmes,BBC News Channel,BBC Two,https://ichef.bbci.co.uk/images/ic/314x176/p01lyrkq.jpg,Ma France
https://www.bbc.co.uk/programmes/p00f5byq,Programmes,Unknown,BBC Two,https://ichef.bbci.co.uk/images/ic/314x176/p02lrnry.jpg,A Cook's Tour of France
https://www.bbc.co.uk/programmes/b00tjd3t,Programmes,BBC Radio 4,BBC Two,https://ichef.bbci.co.uk/images/ic/314x176/p01l609m.jpg,Ford Madox Ford and France
https://www.bbc.co.uk/programmes/b007nnxr,Programmes,BBC Radio 4,BBC Two,https://ichef.bbci.co.uk/images/ic/314x176/p02lrnry.jpg,France Inside Out
https://www.bbc.co.uk/sport/live/winter-sports/60043826,Programmes,BBC Radio 4,Winter Sports,https://ichef.bbci.co.uk/news/416/cpsprodpb/4799/production/_123892381_gettyimages-1371664502.jpg,"World Figure Skating Championships: Watch gala from Montpellier, France"
https://www.bbc.co.uk/sport/football/60882155,Programmes,BBC Radio 4,Football,https://ichef.bbci.co.uk/news/416/cpsprodpb/15611/production/_123896578_giroud-index.jpg,France 2-1 Ivory Coast: Olivier Giroud closes in on Thierry Henry's record
https://www.bbc.co.uk/sport/live/football/60082948,Programmes,BBC Radio 4,Football,https://ichef.bbci.co.uk/news/416/cpsprodpb/0B6C/production/_123942920_gettyimages-1388433946.jpg,"England v Ivory Coast LIVE score, commentary & updates plus Spain, Germany, France, Belgium, Italy & Netherlands updates"
https://www.bbc.co.uk/sport/rugby-union/60878529,Programmes,BBC Radio 4,Rugby Union,https://ichef.bbci.co.uk/news/416/cpsprodpb/4A69/production/_123894091_duppnt_getty.jpg,France's Antoine Dupont wins Six Nations player award
https://www.bbc.co.uk/sport/live/rugby-union/59528246,Programmes,BBC Radio 4,Rugby Union,https://ichef.bbci.co.uk/news/416/cpsprodpb/12713/production/_123893557_gettyimages-1236724689.jpg,Women's Six Nations: Watch France v Italy plus score
https://www.bbc.co.uk/sport/live/winter-sports/60043824,Programmes,BBC Radio 4,Winter Sports,https://ichef.bbci.co.uk/news/416/cpsprodpb/10683/production/_123830276_gettyimages-1370510768.jpg,"World Figure Skating Championships LIVE: Watch men's free skate & ice dance free dance from Montpellier, France"
https://www.bbc.co.uk/programmes/p0byvqys,Programmes,Unknown,BBC Sport,https://ichef.bbci.co.uk/images/ic/314x176/p068jqnw.jpg,Match of the Day Wales: 2021/22: Wales v France - Welsh Language Commentary
https://www.bbc.co.uk/sport/rugby-union/60860981,Programmes,Unknown,Rugby Union,https://ichef.bbci.co.uk/news/416/cpsprodpb/AF42/production/_123866844_jacknowellenglandinjuryrex.jpg,Jack Nowell: England winger could miss rest of season after breaking arm against France
https://www.bbc.co.uk/sport/live/winter-sports/60043822,Programmes,Unknown,Winter Sports,https://ichef.bbci.co.uk/news/416/cpsprodpb/0F34/production/_123829830_gettyimages-1371151696.jpg,"World Figure Skating Championships LIVE: Watch women's free skate from Montpellier, France"
https://www.bbc.co.uk/programmes/m0015tcn,Programmes,Unknown,BBC Radio 2,https://ichef.bbci.co.uk/images/ic/314x176/p0bv7j01.jpg,Michelle Visage's Rule Breakers: Tan France: Being bold and taking risks
https://www.bbc.co.uk/programmes/m0016g3l,Programmes,Unknown,BBC Sport,https://ichef.bbci.co.uk/images/ic/314x176/p0byn6jh.jpg,Women's Six Nations Rugby: 2022: Scotland v France
https://www.bbc.co.uk/programmes/m0016g9v,Programmes,Unknown,BBC Radio Wales,https://ichef.bbci.co.uk/images/ic/314x176/p09lt3wh.jpg,Radio Wales Sport: Women's Six Nations: Wales v France
https://www.bbc.co.uk/programmes/p08s1hc4,Programmes,Unknown,BBC Two,https://ichef.bbci.co.uk/images/ic/314x176/p08s2m7r.jpg,Lance
https://www.bbc.co.uk/sport/live/winter-sports/60043424,Programmes,Unknown,Winter Sports,https://ichef.bbci.co.uk/news/416/cpsprodpb/9B0C/production/_123829693_gettyimages-1236211379.jpg,"World Figure Skating Championships LIVE: Watch pairs free skate from Montpellier, France"
https://www.bbc.co.uk/programmes/m00160dm,Programmes,Unknown,BBC Radio Wales,https://ichef.bbci.co.uk/images/ic/314x176/p09lt3wh.jpg,Radio Wales Sport: Women's World Cup Qualifier: Wales v France
https://www.bbc.co.uk/programmes/p0bwq7rp,Programmes,Unknown,BBC Sport,https://ichef.bbci.co.uk/images/ic/314x176/p0bwstzz.jpg,Women's Six Nations Rugby: 2022: France v Italy
https://www.bbc.co.uk/news/uk-england-york-north-yorkshire-60847972,News,Unknown,York & North Yorkshire,https://ichef.bbci.co.uk/news/416/cpsprodpb/76FF/production/_123836403_frances.png,Frances Wellburn suicide: Inquest told of gaps in care
https://www.bbc.co.uk/programmes/p0bt5ncy,Programmes,Unknown,BBC Radio Nottingham,https://ichef.bbci.co.uk/images/ic/314x176/p090nq5w.jpg,Frances Finn: Andy Whittaker sits in (27/03/2022)
https://www.bbc.co.uk/programmes/w3ct303c,Programmes,BBC World Service,in 2 days,https://ichef.bbci.co.uk/images/ic/314x176/p0bymmst.jpg,Assignment: Dying to hunt in France
https://www.bbc.co.uk/programmes/m00162yd,Programmes,BBC Radio 4,in 2 days,https://ichef.bbci.co.uk/images/ic/314x176/p0bwfmz1.jpg,Crossing Continents: Dying to hunt in France
https://www.bbc.co.uk/sport/rugby-union/60810926,Programmes,BBC Radio 4,Rugby Union,https://ichef.bbci.co.uk/news/416/cpsprodpb/11FA5/production/_123773637_ntamack.jpg,Six Nations Grand Slam: France sweep fans off their feet with glorious triumph
https://www.bbc.co.uk/sport/av/rugby-union/60807936,Programmes,BBC Radio 4,Rugby Union,https://ichef.bbci.co.uk/news/416/cpsprodpb/DD29/production/_123771665_mmrgu6nfraenghls190322v2.10_03_57_13.still002.jpg,Six Nations 2022 highlights: France beat England to complete Grand Slam
https://www.bbc.co.uk/sport/rugby-union/60809510,Programmes,BBC Radio 4,Rugby Union,https://ichef.bbci.co.uk/news/416/cpsprodpb/D9A5/production/_123771755_gettyimages-1386566520.jpg,Six Nations: France beat England to sweep to Grand Slam
https://www.bbc.co.uk/sport/rugby-union/60724374,Programmes,BBC Radio 4,Rugby Union,https://ichef.bbci.co.uk/news/416/cpsprodpb/D59E/production/_123668645_gettyimages-1239110954.jpg,Six Nations 2022 permutations: How France and Ireland can win title
https://www.bbc.co.uk/sport/rugby-union/60778133,Unknown,Unknown,Rugby Union,https://ichef.bbci.co.uk/news/416/cpsprodpb/16964/production/_123761529_franceengland.png,"Six Nations 2022: France v England match preview, team news & key stats"
https://www.bbc.co.uk/sport/rugby-union/60808850,Unknown,Unknown,Rugby Union,https://ichef.bbci.co.uk/news/416/cpsprodpb/F93F/production/_123770836_eiretc.jpg,Six Nations: Ireland 26-5 Scotland - Irish clinch Triple Crown before title hopes ended by France
https://www.bbc.co.uk/sport/rugby-union/60802201,Unknown,Unknown,Rugby Union,https://ichef.bbci.co.uk/news/416/cpsprodpb/3EA4/production/_123763061_gettyimages-1239287217.jpg,Six Nations: England face being shown up by fired-up France
https://www.bbc.co.uk/sport/live/rugby-union/59764293,Unknown,Unknown,Rugby Union,https://ichef.bbci.co.uk/news/416/cpsprodpb/555A/production/_123105812_6nationsu20_fra-v-eng.jpg,Under-20 Six Nations LIVE: Watch France v England plus score
https://www.bbc.co.uk/sport/rugby-union/60781547,Unknown,Unknown,Rugby Union,https://ichef.bbci.co.uk/news/416/cpsprodpb/1394D/production/_123750208_itoje_getty.jpg,Six Nations: Four ways England can spoil France Grand Slam party
https://www.bbc.co.uk/sport/live/rugby-union/56974887,Unknown,Unknown,Rugby Union,https://ichef.bbci.co.uk/news/416/cpsprodpb/E049/production/_123771475_gettyimages-1386548667.jpg,"Six Nations LIVE: France v England score, commentary & updates"
https://www.bbc.co.uk/programmes/p0by60r4,Programmes,Unknown,BBC Radio Nottingham,https://ichef.bbci.co.uk/images/ic/314x176/p090nq5w.jpg,Frances Finn: 17/04/2022
https://www.bbc.co.uk/sport/rugby-union/60781546,Programmes,Unknown,Rugby Union,https://ichef.bbci.co.uk/news/416/cpsprodpb/CCD2/production/_123743425_furbank_getty.jpg,England v France: George Furbank starts in Paris
https://www.bbc.co.uk/sport/rugby-union/60781544,Programmes,Unknown,Rugby Union,https://ichef.bbci.co.uk/news/416/cpsprodpb/3092/production/_123743421_penaud_gety.jpg,Six Nations 2022: France v England - Damian Penaud returns as hosts hunt Grand Slam
https://www.bbc.co.uk/programmes/p0bvw025,Programmes,Unknown,BBC Radio 5 live,https://ichef.bbci.co.uk/images/ic/314x176/p0bwcm65.jpg,Rugby Union Weekly: The one about France
https://www.bbc.co.uk/sport/rugby-union/60696569,Unknown,Unknown,Welsh Rugby,https://ichef.bbci.co.uk/news/416/cpsprodpb/1A76/production/_123647760_cdf_110322_ge_wales_v_france_050.jpg,"Six Nations 2022: WRU 'delight' at 63,000 fans for France game after Friday night criticism"
https://www.bbc.co.uk/programmes/p0bv8x1f,Programmes,Unknown,BBC Sport,https://ichef.bbci.co.uk/images/ic/314x176/p0bv98pb.jpg,Under-20s Six Nations Rugby: 2022: France v England
https://www.bbc.co.uk/programmes/m00167f6,Programmes,Unknown,BBC One Wales,https://ichef.bbci.co.uk/images/ic/314x176/p0byw44b.jpg,Match of the Day Wales: 2021/22: Women's World Cup Qualifier: Wales v France
https://www.bbc.co.uk/sport/rugby-union/60700599,Programmes,Unknown,Welsh Rugby,https://ichef.bbci.co.uk/news/416/cpsprodpb/13B6A/production/_123664708_wales_v_france102.jpg,Six Nations 2022: Pride and regret for Wales following France defeat
https://www.bbc.co.uk/programmes/p0btzhvv,Programmes,Unknown,BBC Radio 5 live,https://ichef.bbci.co.uk/images/ic/314x176/p0bwcm6p.jpg,Rugby Union Weekly: France grand slam in sight after win over Wales
https://www.bbc.co.uk/sport/av/rugby-union/60714281,Programmes,Unknown,Rugby Union,https://ichef.bbci.co.uk/news/416/cpsprodpb/17D26/production/_123647579_p0btzcg2.jpg,Six Nations: France edge past Wales to keep Grand Slam hopes alive
https://www.bbc.co.uk/sport/av/rugby-union/60714275,Programmes,Unknown,Rugby Union,https://ichef.bbci.co.uk/news/416/cpsprodpb/51E4/production/_123646902_009a5872-285d-4590-b20d-118aeac9c993.jpg,Six Nations: Anthony Jelonch goes over in the corner for France against Wales
https://www.bbc.co.uk/sport/av/rugby-union/60714277,Programmes,Unknown,Rugby Union,https://ichef.bbci.co.uk/news/416/cpsprodpb/C714/production/_123646905_newstill-chancewales.jpg,Six Nations: Jonathan Davies fumble costs Wales potential try against France
https://www.bbc.co.uk/sport/av/rugby-union/60714279,Programmes,Unknown,Rugby Union,https://ichef.bbci.co.uk/news/416/cpsprodpb/11534/production/_123646907_p0btz91c.jpg,Six Nations: Dan Biggar kept Wales in the game against France - Martin Johnson
https://www.bbc.co.uk/sport/rugby-union/60713584,Unknown,Unknown,Welsh Rugby,https://ichef.bbci.co.uk/news/416/cpsprodpb/1242/production/_123647640_wales_v_france_036.jpg,"Six Nations 2022: Dan Biggar frustrated, annoyed and disappointed by France defeat"
https://www.bbc.co.uk/sport/rugby-union/60712709,Unknown,Unknown,Rugby Union,https://ichef.bbci.co.uk/news/416/cpsprodpb/194A/production/_123647460_cdf_110322_cf_wales_v_france_060.jpg,Six Nations 2022: Wales 9-13 France - visitors keep Grand Slam dream alive
https://www.bbc.co.uk/sport/africa/60691767,Unknown,Unknown,Sport Africa,https://ichef.bbci.co.uk/news/416/cpsprodpb/ACA0/production/_123629144_mediaitem123629143.jpg,Row in Africa over 2023 Rugby World Cup qualifiers in France
https://www.bbc.co.uk/programmes/p0bvgzf7,Programmes,Unknown,BBC Radio Nottingham,https://ichef.bbci.co.uk/images/ic/314x176/p090nq5w.jpg,Frances Finn: Jodi Law sits in (03/04/2022)
https://www.bbc.co.uk/programmes/m0015l5f,Programmes,Unknown,BBC Radio 3,https://ichef.bbci.co.uk/images/ic/314x176/p0by5w3l.jpg,"In Tune: Francesca Dego, Tobias Ringborg, Anthony Pike, John Lenehan"
https://www.bbc.co.uk/sport/rugby-union/60677779,Programmes,Unknown,Welsh Rugby,https://ichef.bbci.co.uk/news/416/cpsprodpb/415D/production/_123633761_cdf_100322_cf_wales_v_france_u20s_059.jpg,Under-20 Six Nations: Wales U20s 15-47 France U20s
https://www.bbc.co.uk/sport/rugby-union/60696563,Programmes,Unknown,Welsh Rugby,https://ichef.bbci.co.uk/news/416/cpsprodpb/A9A9/production/_123433434_shutterstock_editorial_12824611s.jpg,Six Nations 2022: Wales aim to go under radar against France
https://www.bbc.co.uk/sport/rugby-union/60691263,Programmes,Unknown,Welsh Rugby,https://ichef.bbci.co.uk/news/416/cpsprodpb/17DAD/production/_122690779_cdf_201121_be_wales_v_australia141.jpg,Six Nations 2022: Versatile Wales forward Seb Davies prepares for France test
https://www.bbc.co.uk/sport/av/rugby-union/60681265,Programmes,Unknown,Welsh Rugby,https://ichef.bbci.co.uk/news/416/cpsprodpb/5475/production/_123612612_p0btflql.jpg,Wayne Pivac hopes for Cardiff capacity crowd against France as thousands of tickets remain unsold
https://www.bbc.co.uk/sport/live/rugby-union/56974875,Programmes,Unknown,Rugby Union,https://ichef.bbci.co.uk/news/416/cpsprodpb/D33A/production/_123647045_gettyimages-1384349565.jpg,"Six Nations LIVE: Watch Wales v France plus score, commentary & updates"
https://www.bbc.co.uk/sport/rugby-union/60675913,Unknown,Unknown,Welsh Rugby,https://ichef.bbci.co.uk/news/416/cpsprodpb/DD6A/production/_117528665_gettyimages-1301024424.jpg,Six Nations 2022: France captain Antoine Dupont fit to face Wales
https://www.bbc.co.uk/programmes/m0015k61,Programmes,Unknown,BBC Radio Ulster,https://ichef.bbci.co.uk/images/ic/314x176/p0bxcs2k.jpg,"The Ticket: Tom Robinson, Francesca Simon and Bessie Smith"
https://www.bbc.co.uk/sport/rugby-union/60679112,Programmes,Unknown,Welsh Rugby,https://ichef.bbci.co.uk/news/416/cpsprodpb/152A5/production/_123439668_gettyimages-1372981715.jpg,Six Nations 2022: Wales coach Wayne Pivac defends decision to pick Tomas Francis to face France
https://www.bbc.co.uk/sport/rugby-union/60574512,Programmes,Unknown,Welsh Rugby,https://ichef.bbci.co.uk/news/416/cpsprodpb/5E18/production/_123588042_daviesnavidiadams.png,Wales squad selector: Your starting XV to play France in Six Nations
https://www.bbc.co.uk/sport/rugby-union/60653180,Programmes,Unknown,Welsh Rugby,https://ichef.bbci.co.uk/news/416/cpsprodpb/15951/production/_123610488_joshn_sebd_fox_garetht.png,Six Nations 2022: Wales make four changes to face France
https://www.bbc.co.uk/sport/live/rugby-union/59764203,Programmes,Unknown,Rugby Union,https://ichef.bbci.co.uk/news/416/cpsprodpb/16A4E/production/_123105729_6nationsu20_wal-v-fra.jpg,Under-20 Six Nations LIVE: Watch Wales v France plus score
https://www.bbc.co.uk/newsround/60822290,Programmes,Unknown,Newsround,https://ichef.bbci.co.uk/news/416/cpsprodpb/F792/production/_123787336_mediaitem123787335.jpg,Six Nations 2022: France win men's title for first time in 12 years
https://www.bbc.co.uk/programmes/p0bx0p98,Programmes,Unknown,BBC Radio Nottingham,https://ichef.bbci.co.uk/images/ic/314x176/p090nq5w.jpg,Frances Finn: 10/04/2022
https://www.bbc.co.uk/sport/football/60715554,Programmes,Unknown,Football,https://ichef.bbci.co.uk/news/416/cpsprodpb/4050/production/_123646461_ballondor.jpg,Ballon d'Or: France Football make changes to rules around judging
https://www.bbc.co.uk/sport/rugby-union/60640946,Programmes,Unknown,Welsh Rugby,https://ichef.bbci.co.uk/news/416/cpsprodpb/16AA6/production/_123883829_gettyimages-francis.jpg,Six Nations 2022: Wales warned about picking Tomas Francis against France
https://www.bbc.co.uk/sport/rugby-union/60682204,Unknown,Unknown,Rugby Union,https://ichef.bbci.co.uk/news/416/cpsprodpb/1CD6/production/_123628370_walesvfrance.png,"Six Nations 2022: Wales v France preview, team news and key stats"
https://www.bbc.co.uk/sport/rugby-union/60638719,Unknown,Unknown,Welsh Rugby,https://ichef.bbci.co.uk/news/416/cpsprodpb/C4B4/production/_123565305_cdf_070221_be_wales_v_ireland85.jpg,Six Nations 2022: Wales call up Josh Navidi for France and Italy matches
https://www.bbc.co.uk/sport/rugby-union/60633745,Unknown,Unknown,Welsh Rugby,https://ichef.bbci.co.uk/news/416/cpsprodpb/22E6/production/_123143980_gettyimages-1354530431.jpg,Six Nations 2022: Wales scrum-half Tomos Williams wary of France captain Dupont
https://www.bbc.co.uk/sport/tennis/60635193,Unknown,Unknown,Tennis,https://ichef.bbci.co.uk/news/416/cpsprodpb/29C6/production/_123549601_gettyimages-1380075475.jpg,"Davis Cup: Australia, USA, France and Spain all through to next stage"
https://www.bbc.co.uk/programmes/p0btf9xy,Programmes,Unknown,BBC Radio Wales,https://ichef.bbci.co.uk/images/ic/314x176/p0btfb2x.jpg,Scrum V Rugby: S5 E28: Pivac makes four changes for France
https://www.bbc.co.uk/programmes/m00126cv,Programmes,Unknown,BBC Two Wales,https://ichef.bbci.co.uk/images/ic/314x176/p0btpgw7.jpg,Scrum V: Live: 2021/2022: Wales U20s v France U20s
https://www.bbc.co.uk/programmes/m000981z,Programmes,Unknown,BBC ALBA,https://ichef.bbci.co.uk/images/ic/314x176/p07pd973.jpg,Gaisgich Oga an Darna Cogaidh (Kids of Courage): Series 1: Sandrine (13) in France (1942) – Help for others and solidarity
https://www.bbc.co.uk/sport/rugby-union/60652335,Programmes,Unknown,Welsh Rugby,https://ichef.bbci.co.uk/news/416/cpsprodpb/4D24/production/_123584791_gethinj_shauned_getty.png,Six Nations 2022: Familiar faces set for Wales and France encounter
https://www.bbc.co.uk/programmes/p0brtz93,Programmes,Unknown,BBC Sport,https://ichef.bbci.co.uk/images/ic/314x176/p0brtzw9.jpg,Under-20s Six Nations Rugby: 2022: Wales v France
https://www.bbc.co.uk/sport/rugby-union/60557785,Unknown,Unknown,Rugby Union,https://ichef.bbci.co.uk/news/416/cpsprodpb/F11D/production/_123452716_-882c115f-bf47-4544-af98-7e32cb236291.png,"Six Nations 2022: Unstoppable France, disarray in Dublin and confused England"
https://www.bbc.co.uk/sport/av/rugby-union/60549108,Unknown,Unknown,Rugby Union,https://ichef.bbci.co.uk/news/416/cpsprodpb/160DE/production/_123443309_sixnationsmagicstill.jpg,"Six Nations 2022: Relive Fantastic France, brilliant footwork & 'cool' Youngs from round three"
https://www.bbc.co.uk/sport/rugby-union/60540630,Unknown,Unknown,Scottish Rugby,https://ichef.bbci.co.uk/news/416/cpsprodpb/340B/production/_123432331_20392156.jpg,Six Nations 2022: Lessons for Scotland in heavy defeat to France - Gregor Townsend
https://www.bbc.co.uk/sport/rugby-union/60499426,Unknown,Unknown,Rugby Union,https://ichef.bbci.co.uk/news/416/cpsprodpb/EE68/production/_123423016_gettyimages-1370160404.jpg,"Six Nations 2022: Scotland v France preview, team news & key stats"
https://www.bbc.co.uk/sport/rugby-union/60509613,Unknown,Unknown,Scottish Rugby,https://ichef.bbci.co.uk/news/416/cpsprodpb/12716/production/_123424557_20373982.jpg,Six Nations 2022: Scotland lose Hamish Watson to Covid for France match
https://www.bbc.co.uk/teach/class-clips-video/ks2-french-living-in-france/z2r9kty,Unknown,Unknown,Article,https://ichef.bbci.co.uk/images/ic/314x176/p0bpd72x.jpg,KS2 French: Living in France
https://www.bbc.co.uk/teach/class-clips-video/ks2-french-sports-activities-in-france/z6yrcmn,Unknown,Unknown,Article,https://ichef.bbci.co.uk/images/ic/314x176/p0bpf5rb.jpg,KS2 French: Sports activities in France
https://www.bbc.co.uk/teach/class-clips-video/ks2-french-a-summer-concert-in-france/zhr8dp3,Unknown,Unknown,Article,https://ichef.bbci.co.uk/images/ic/314x176/p011fdhb.jpg,KS2 French: A summer concert in France
https://www.bbc.co.uk/teach/class-clips-video/ks2-french-going-shopping-in-france/z8mpn9q,Unknown,Unknown,Article,https://ichef.bbci.co.uk/images/ic/314x176/p011fckl.jpg,KS2 French: Going shopping in France
https://www.bbc.co.uk/teach/class-clips-video/ks2-french-going-to-primary-school-in-france/z6fgr2p,Unknown,Unknown,Article,https://ichef.bbci.co.uk/images/ic/314x176/p011fdkg.jpg,KS2 French: Going to primary school in France
https://www.bbc.co.uk/teach/class-clips-video/ks2-french-a-fishing-trip-in-france/zn3496f,Unknown,Unknown,Article,https://ichef.bbci.co.uk/images/ic/314x176/p0bpdj1z.jpg,KS2 French: A fishing trip in France
https://www.bbc.co.uk/sport/live/rugby-union/56974273,Unknown,Unknown,Rugby Union,https://ichef.bbci.co.uk/news/416/cpsprodpb/18261/production/_123431989_afsdafs.jpg,"Six Nations LIVE: Watch Scotland v France plus score, commentary & updates"
https://www.bbc.co.uk/sport/rugby-union/60505263,Unknown,Unknown,Scottish Rugby,https://ichef.bbci.co.uk/news/416/cpsprodpb/184FB/production/_123397599_20373467.jpg,Scotland v France: Darcy Graham lighting up Six Nations after family torment
https://www.bbc.co.uk/programmes/m001578q,Programmes,Unknown,BBC Sport,https://ichef.bbci.co.uk/images/ic/314x176/p0brsfhk.jpg,Six Nations Rugby: 2022: Wales v France
https://www.bbc.co.uk/sport/rugby-union/60454022,Programmes,Unknown,Scottish Rugby,https://ichef.bbci.co.uk/news/416/cpsprodpb/17B5B/production/_123351179_gettyimages-1238416788.jpg,Six Nations: Scotland v France - are Scotland facing the best team in the world?
https://www.bbc.co.uk/sport/live/rugby-union/59764125,Programmes,Unknown,Rugby Union,https://ichef.bbci.co.uk/news/416/cpsprodpb/29F4/production/_123104701_6nationsu20_scot-v-fra.jpg,Under-20 Six Nations LIVE: Watch Scotland v France plus score
https://www.bbc.co.uk/programmes/p06pmcfj,Programmes,Unknown,BBC Wiltshire,https://ichef.bbci.co.uk/images/ic/314x176/p06g3yjd.jpg,Graham Rogers: Family of the last Wiltshire soldier to die in WW1 go to France to see where he's buried
https://www.bbc.co.uk/news/uk-england-cambridgeshire-60498335,News,Unknown,Cambridgeshire,https://ichef.bbci.co.uk/news/416/cpsprodpb/96F5/production/_123354683_dannyfrance.jpg,Danny France: Transgender teen who died fell into service 'black hole'
https://www.bbc.co.uk/sport/rugby-union/60454031,News,Unknown,Scottish Rugby,https://ichef.bbci.co.uk/news/416/cpsprodpb/96FE/production/_123345683_capture.jpg,Six Nations: Scotland v France - Pick your Scotland XV
https://www.bbc.co.uk/programmes/w3ct1z3c,Programmes,BBC World Service,24 February,https://ichef.bbci.co.uk/images/ic/314x176/p0bqbb20.jpg,The Inquiry: What’s happened to the left in France?
https://www.bbc.co.uk/programmes/p0brfdch,Programmes,BBC World Service,BBC Radio 5 live,https://ichef.bbci.co.uk/images/ic/314x176/p0bwx9ln.jpg,Rugby Union Weekly: England survive & France thrive
https://www.bbc.co.uk/news/world-europe-60539119,News,BBC World Service,Europe,https://ichef.bbci.co.uk/news/416/cpsprodpb/9347/production/_123430773_tv074158643.jpg,Ukraine: France seizes Russian ship over sanctions
https://www.bbc.co.uk/programmes/m0015r3b,Programmes,Unknown,BBC Radio 5 live,https://ichef.bbci.co.uk/images/ic/314x176/p0bvfyzl.jpg,Six Nations 2022: France v England
https://www.bbc.co.uk/programmes/m00152sl,Programmes,Unknown,BBC Radio Wales,https://ichef.bbci.co.uk/images/ic/314x176/p09lt3wh.jpg,Radio Wales Sport: The Six Nations: Wales v France
https://www.bbc.co.uk/programmes/m001532s,Programmes,Unknown,BBC Radio Ulster,https://ichef.bbci.co.uk/images/ic/314x176/p0bl8h3n.jpg,Europop - The Neil Hannon Show: Series 1: Episode Four - France & Belgium
https://www.bbc.co.uk/programmes/p0bqnyf4,Programmes,Unknown,BBC Radio Nottingham,https://ichef.bbci.co.uk/images/ic/314x176/p090nq5w.jpg,Frances Finn: 13/03/2022
https://www.bbc.co.uk/programmes/b03j5hgr,Programmes,Unknown,BBC,https://ichef.bbci.co.uk/images/ic/314x176/p062ct6v.jpg,Floyd on France: Provence
https://www.bbc.co.uk/programmes/m0011j9n,Programmes,BBC News Channel,10 November 2021,https://ichef.bbci.co.uk/images/ic/314x176/p0b3c7zm.jpg,HARDtalk: Patrice Evra – Former Manchester United and France Football Captain
https://www.bbc.co.uk/news/business-60373401,News,BBC News Channel,Business,https://ichef.bbci.co.uk/news/416/cpsprodpb/92BC/production/_123246573_airtravel_gettyimages-1271979281.jpg,"Air fare rises are unavoidable, warns Air France-KLM"
https://www.bbc.co.uk/sport/rugby-union/60370785,News,BBC News Channel,Rugby Union,https://ichef.bbci.co.uk/news/416/cpsprodpb/ECEF/production/_108855606_matt_dawson_columnist.png,'Six Nations title is France's to lose after win over Ireland'
https://www.bbc.co.uk/sport/av/rugby-union/60361061,News,BBC News Channel,Rugby Union,https://ichef.bbci.co.uk/news/416/cpsprodpb/14995/production/_123237348_p0bntwdj.jpg,Six Nations 2022: France survive Ireland fightback - highlights
https://www.bbc.co.uk/sport/av/rugby-union/60362616,News,BBC News Channel,Rugby Union,https://ichef.bbci.co.uk/news/416/cpsprodpb/183BF/production/_123236299_mmrgu6nmackhansentrytreated120222.10_00_57_03.still003.jpg,Six Nations 2022: Ireland's Mack Hansen scores from kick-off against France
https://www.bbc.co.uk/news/explainers-56997931,News,Unknown,Explainers,https://ichef.bbci.co.uk/news/416/cpsprodpb/8649/production/_121777343_berlin.jpg,"What are the travel rules for France, the US, and other popular destinations?"
https://www.bbc.co.uk/sport/rugby-union/60362923,News,Unknown,Rugby Union,https://ichef.bbci.co.uk/news/416/cpsprodpb/15B1F/production/_123236888_cbaille.jpg,Six Nations: France 30-24 Ireland - hosts take control of championship with heavyweight win
https://www.bbc.co.uk/news/world-africa-60444777,News,Unknown,Africa,https://ichef.bbci.co.uk/news/416/cpsprodpb/59BB/production/_123317922_gettyimages-1237241475.jpg,Mali soldiers killed days after France announces exit
https://www.bbc.co.uk/sport/rugby-league/60320934,News,Unknown,Rugby League,https://ichef.bbci.co.uk/news/416/cpsprodpb/1179/production/_123237440_fages.png,Super League: Toulouse 14-42 Huddersfield Giants - Ian Watson's side rack up seven tries in south of France
https://www.bbc.co.uk/sport/rugby-union/60336956,News,Unknown,Rugby Union,https://ichef.bbci.co.uk/news/416/cpsprodpb/5606/production/_123222022_france_ireland_indexgraphic.png,"Six Nations 2022: France v Ireland preview, team news & key stats"
https://www.bbc.co.uk/news/world-60425777,News,Unknown,World,https://ichef.bbci.co.uk/news/416/cpsprodpb/F617/production/_123299926_p0bptj9m.jpg,France's Mali withdrawal: How the fight stands against Sahel jihadists
https://www.bbc.co.uk/sport/live/rugby-union/56974075,News,Unknown,Rugby Union,https://ichef.bbci.co.uk/news/416/cpsprodpb/CEE3/production/_123236925_gettyimages-1238414939.jpg,"Six Nations LIVE: France v Ireland score, commentary & updates"
https://www.bbc.co.uk/sport/rugby-union/60331602,News,Unknown,Irish Rugby,https://ichef.bbci.co.uk/news/416/cpsprodpb/17566/production/_123209559_jsinjured.jpg,Six Nations: France v Ireland - Johnny Sexton out with hamstring injury
https://www.bbc.co.uk/sport/rugby-union/60310241,News,Unknown,Irish Rugby,https://ichef.bbci.co.uk/news/416/cpsprodpb/A152/production/_123189214_inpho_01945307.jpg,Six Nations 2022: Johnny Sexton on Ireland v France
https://www.bbc.co.uk/programmes/p0bpczxl,Programmes,Unknown,BBC Radio Nottingham,https://ichef.bbci.co.uk/images/ic/314x176/p090nq5w.jpg,Frances Finn: 06/03/2022
https://www.bbc.co.uk/sport/av/winter-olympics/60400902,Unknown,Unknown,Winter Olympics,https://ichef.bbci.co.uk/news/416/cpsprodpb/4887/production/_123276581_p0bpbzz1.jpg,"Winter Olympics: Clement Noel wins slalom gold for France, GB's Dave Ryding 13th"
https://www.bbc.co.uk/sport/live/rugby-union/59764121,Unknown,Unknown,Rugby Union,https://ichef.bbci.co.uk/news/416/cpsprodpb/D370/production/_123082145_6nationsu20_fra-v-ire.jpg,Under-20 Six Nations LIVE: Watch France v Ireland plus score
https://www.bbc.co.uk/sport/rugby-union/60294447,Unknown,Unknown,Irish Rugby,https://ichef.bbci.co.uk/news/416/cpsprodpb/284D/production/_123171301_dupontgibnsonpark.jpg,Six Nations 2022: France v Ireland 'the crunch game' - Eddie O'Sullivan
https://www.bbc.co.uk/programmes/m00112fg,Programmes,BBC News Channel,28 October 2021,https://ichef.bbci.co.uk/images/ic/314x176/p0b0wjv5.jpg,"HARDtalk: Bruno Le Maire - Economy and Finance Minister, France"
https://www.bbc.co.uk/programmes/m0011m84,Programmes,BBC Parliament,28 October 2021,https://ichef.bbci.co.uk/images/ic/314x176/p0b14nnk.jpg,House of Commons: Trade Dispute with France Urgent Question
https://www.bbc.co.uk/programmes/b03js6w5,Programmes,BBC Parliament,BBC,https://ichef.bbci.co.uk/images/ic/314x176/p062ctfd.jpg,Floyd on France: Pays Basque
https://www.bbc.co.uk/programmes/b03j5kvk,Programmes,BBC Parliament,BBC,https://ichef.bbci.co.uk/images/ic/314x176/p062ct7b.jpg,Floyd on France: Perigord
https://www.bbc.co.uk/sport/rugby-union/60281535,Programmes,BBC Parliament,Rugby Union,https://ichef.bbci.co.uk/news/416/cpsprodpb/13727/production/_123155697_gettyimages-1368968378.jpg,Six Nations 2022: France 37-10 Italy - Gabin Villiere scores hat-trick for hosts
https://www.bbc.co.uk/sport/av/rugby-union/60282760,Programmes,BBC Parliament,Rugby Union,https://ichef.bbci.co.uk/news/416/cpsprodpb/6707/production/_123157362_p0bmjyds.jpg,Six Nations 2022: Gabin Villiere scores hat-trick as France thrash Italy
https://www.bbc.co.uk/news/world-europe-60379855,News,BBC Parliament,Europe,https://ichef.bbci.co.uk/news/416/cpsprodpb/A90B/production/_123257234_gettyimages-1238470196.jpg,Seven dead after explosion and fire on France's south-west coast
https://www.bbc.co.uk/sport/rugby-union/60378469,Unknown,Unknown,Rugby Union,https://ichef.bbci.co.uk/news/416/cpsprodpb/5AA5/production/_123250232_-85efd62b-33d7-42e4-8e29-045ccc3d090f.png,"Six Nations 2022: France's Wigan defence, New England and under-rated Wales"
https://www.bbc.co.uk/sport/av/winter-olympics/60372527,Unknown,Unknown,Winter Olympics,https://ichef.bbci.co.uk/news/416/cpsprodpb/E6AE/production/_123245095_p0bnzks7.jpg,Winter Olympics: France's Lefevre faced some roaring competition in New Zealand's Sadowski-Synnott
https://www.bbc.co.uk/programmes/b06mz6f7,Programmes,Unknown,CBeebies,https://ichef.bbci.co.uk/images/ic/314x176/p035ddqv.jpg,"Go Jetters: Series 1: The Eiffel Tower, France"
https://www.bbc.co.uk/programmes/p00db2b0,Programmes,Unknown,BBC One,https://ichef.bbci.co.uk/images/ic/314x176/p07p80gp.jpg,Absolutely Fabulous: Series 1: France
https://www.bbc.co.uk/programmes/b03jry3z,Programmes,Unknown,BBC,https://ichef.bbci.co.uk/images/ic/314x176/p062ctmb.jpg,Floyd on France: A Farewell to France
https://www.bbc.co.uk/programmes/b03jsg50,Programmes,Unknown,BBC,https://ichef.bbci.co.uk/images/ic/314x176/p062ctm3.jpg,Floyd on France: Brittany
https://www.bbc.co.uk/programmes/b03js07y,Programmes,Unknown,BBC,https://ichef.bbci.co.uk/images/ic/314x176/p062ctf4.jpg,Floyd on France: Alsace
https://www.bbc.co.uk/programmes/b03j5fzw,Programmes,Unknown,BBC,https://ichef.bbci.co.uk/images/ic/314x176/p062ctds.jpg,Floyd on France: Burgundy
https://www.bbc.co.uk/sport/rugby-union/60264557,Programmes,Unknown,Rugby Union,https://ichef.bbci.co.uk/news/416/cpsprodpb/22E6/production/_123143980_gettyimages-1354530431.jpg,"Six Nations: France v Italy preview, team news & key stats"
https://www.bbc.co.uk/sport/africa/60265244,Programmes,Unknown,Sport Africa,https://ichef.bbci.co.uk/news/416/cpsprodpb/87F4/production/_123140843_mediaitem123140842.jpg,Ivory Coast and South Africa to face France in March
https://www.bbc.co.uk/sport/av/winter-olympics/60372531,Unknown,Unknown,Winter Olympics,https://ichef.bbci.co.uk/news/416/cpsprodpb/15BDE/production/_123245098_p0bnzw0c.jpg,Winter Olympics: France's Gabriella Papadakis and Guillaume Cizeron win gold in ice dancing
https://www.bbc.co.uk/sport/rugby-union/60261920,Unknown,Unknown,Rugby Union,https://ichef.bbci.co.uk/news/416/cpsprodpb/B57F/production/_123136464_gettyimages-1236398412.jpg,Six Nations 2022: Antoine Dupont will captain France against Italy
https://www.bbc.co.uk/news/uk-60364636,News,Unknown,UK,https://ichef.bbci.co.uk/news/416/cpsprodpb/CC94/production/_111527325_index_daily_update_version02_cv_976new.png,"Covid: Protests in Canada and France, and end of self-isolation a 'step too far'"
https://www.bbc.co.uk/sport/live/rugby-union/56974074,News,Unknown,Rugby Union,https://ichef.bbci.co.uk/news/416/cpsprodpb/223D/production/_123156780_gettyimages-1238240106.jpg,"Six Nations LIVE: France v Italy score, commentary & updates"
https://www.bbc.co.uk/programmes/w3ct1htr,Programmes,BBC World Service,11 February,https://ichef.bbci.co.uk/images/ic/314x176/p0bnh96x.jpg,The Real Story: France's place in the world
https://www.bbc.co.uk/news/world-europe-60339141,News,BBC World Service,Europe,https://ichef.bbci.co.uk/news/416/cpsprodpb/4EB7/production/_123215102_dunkirk.png,France migrants: Coastguard rescues 36 from North Sea
https://www.bbc.co.uk/sport/live/rugby-union/59764026,News,BBC World Service,Rugby Union,https://ichef.bbci.co.uk/news/416/cpsprodpb/163F8/production/_123082119_6nationsu20_fra-v-ita.jpg,Under-20 Six Nations LIVE: Watch France v Italy plus score
https://www.bbc.co.uk/sport/rugby-union/60224603,News,BBC World Service,Irish Rugby,https://ichef.bbci.co.uk/news/416/cpsprodpb/10EEE/production/_123085396_sextonindex.jpg,Six Nations 2022: Johnny Sexton says France v Ireland in 2020 taught him a lot
https://www.bbc.co.uk/programmes/p0brdk84,Programmes,BBC World Service,BBC Radio Scotland,https://ichef.bbci.co.uk/images/ic/314x176/p08jrg86.jpg,BBC Radio Scotland Rugby Podcast: France end Scotland's championship hopes with six-try win
https://www.bbc.co.uk/programmes/w3ct1n71,Programmes,BBC World Service,7 February,https://ichef.bbci.co.uk/images/ic/314x176/p0bmm90w.jpg,HARDtalk: Marine Le Pen: France's future president?
https://www.bbc.co.uk/programmes/p0bp1vb0,Programmes,Unknown,BBC Sport,https://ichef.bbci.co.uk/images/ic/314x176/p0bqzyxh.jpg,Under-20s Six Nations Rugby: 2022: Scotland v France
https://www.bbc.co.uk/programmes/m0015dcl,Programmes,Unknown,BBC Radio Scotland,https://ichef.bbci.co.uk/images/ic/314x176/p0brcf0p.jpg,Sportsound Rugby: Scotland v France
https://www.bbc.co.uk/sport/cycling/60083311,Programmes,Unknown,Cycling,https://ichef.bbci.co.uk/news/416/cpsprodpb/02DB/production/_123013700_cavendish_getty.jpg,Mark Cavendish: The Tour de France comeback for 'cycling's greatest sprinter'
https://www.bbc.co.uk/programmes/m00158t5,Programmes,Unknown,BBC Radio 5 live,https://ichef.bbci.co.uk/images/ic/314x176/p0bs0qs4.jpg,Six Nations 2022: Wales v France
https://www.bbc.co.uk/sport/football/60126973,Programmes,Unknown,Wales,https://ichef.bbci.co.uk/news/416/cpsprodpb/15EDB/production/_122991898_gettyimages-1356456179.jpg,World Cup qualifying: Wales to host France at Parc y Scarlets
https://www.bbc.co.uk/news/world-europe-60226454,News,Unknown,Europe,https://ichef.bbci.co.uk/news/416/cpsprodpb/3AAB/production/_123091051_20220131_121415.jpg,Stolen Roman statue returned to France after 50 years
https://www.bbc.co.uk/sport/football/60066043,News,Unknown,European Football,https://ichef.bbci.co.uk/news/416/cpsprodpb/16315/production/_122910909_gettyimages-1237705574.jpg,Ousmane Dembele: France forward 'won't give in to blackmail' as Barcelona tell him to leave
https://www.bbc.co.uk/programmes/b06bgkf2,Programmes,Unknown,BBC Two,https://ichef.bbci.co.uk/images/ic/314x176/p08mpvl9.jpg,Hairy Bikers' Bakeation: Series 1 (Shortened Versions): France
https://www.bbc.co.uk/sport/rugby-union/59981750,Programmes,Unknown,Rugby Union,https://ichef.bbci.co.uk/news/416/cpsprodpb/C9DF/production/_122697615_gettyimages-1364016549.jpg,Heineken Champions Cup & Challenge Cup: British teams can travel to France
https://www.bbc.co.uk/news/world-europe-59977978,News,Unknown,Europe,https://ichef.bbci.co.uk/news/416/cpsprodpb/53D3/production/_122695412_976_gettyimages-1355499594.jpg,Covid-19: France to relax travel rules from the UK
https://www.bbc.co.uk/programmes/p0bpswf1,Programmes,BBC World Service,17 February,https://ichef.bbci.co.uk/images/ic/314x176/p06m9xvn.jpg,Africa Today: France announces its troops will leave Mali
https://www.bbc.co.uk/sport/rugby-league/59954758,Programmes,BBC World Service,Rugby League,https://ichef.bbci.co.uk/news/416/cpsprodpb/10948/production/_122621976_gettyimages-884317186.jpg,France to host 2025 Rugby League World Cup
https://www.bbc.co.uk/sport/rugby-union/59949232,Programmes,BBC World Service,Rugby Union,https://ichef.bbci.co.uk/news/416/cpsprodpb/FE5B/production/_122651156_curry_getty.jpg,English clubs wait on quarantine waiver before committing to European fixtures in France
https://www.bbc.co.uk/programmes/m0014zz1,Programmes,BBC World Service,BBC Sport,https://ichef.bbci.co.uk/images/ic/314x176/p0bpnqx3.jpg,Six Nations Rugby: 2022: Scotland v France
https://www.bbc.co.uk/programmes/p0bkyjc5,Programmes,BBC World Service,BBC Sport,https://ichef.bbci.co.uk/images/ic/314x176/p0bljxt7.jpg,Under-20s Six Nations Rugby: 2022: France v Ireland
https://www.bbc.co.uk/programmes/p0bkdblk,Programmes,BBC World Service,BBC Sport,https://ichef.bbci.co.uk/images/ic/314x176/p0bljwc6.jpg,Under-20s Six Nations Rugby: 2022: France v Italy
https://www.bbc.co.uk/sport/rugby-league/59917271,Programmes,BBC World Service,Rugby League,https://ichef.bbci.co.uk/news/416/cpsprodpb/10948/production/_122621976_gettyimages-884317186.jpg,France says it will host 2025 Rugby League World Cup
https://www.bbc.co.uk/programmes/m0014xck,Programmes,BBC World Service,BBC Radio Scotland,https://ichef.bbci.co.uk/images/ic/314x176/p0bndgg8.jpg,Rugby Breakfast Show: Six Nations - Scotland v France
https://www.bbc.co.uk/news/uk-politics-59832076,News,BBC World Service,UK Politics,https://ichef.bbci.co.uk/news/416/cpsprodpb/1332/production/_122541940_gettyimages-1133095309.jpg,Covid: France suspends transit ban for UK nationals during Christmas period
https://www.bbc.co.uk/programmes/m0014xls,Programmes,BBC World Service,BBC Radio 5 live,https://ichef.bbci.co.uk/images/ic/314x176/p0bqbd1r.jpg,Six Nations 2022: Scotland v France
https://www.bbc.co.uk/news/world-europe-59978138,News,Unknown,Europe,https://ichef.bbci.co.uk/news/416/cpsprodpb/64C7/production/_122699752_mediaitem122699751.jpg,Covid: Schools in France close as unions say 75% of teachers strike
https://www.bbc.co.uk/programmes/w172xv5lss6vq9q,Programmes,BBC World Service,17 February,https://ichef.bbci.co.uk/images/ic/314x176/p0bppdtt.jpg,Newshour: France and partners pull out of Mali
https://www.bbc.co.uk/news/uk-59986652,News,BBC World Service,UK,https://ichef.bbci.co.uk/news/416/cpsprodpb/CC94/production/_111527325_index_daily_update_version02_cv_976new.png,Covid: England to cut self-isolation and France relaxes UK travel restrictions
https://www.bbc.co.uk/sport/football/59970350,News,BBC World Service,European Football,https://ichef.bbci.co.uk/news/416/cpsprodpb/1302B/production/_122676877_kingsleycoman1.jpg,Kingsley Coman: France winger extends Bayern Munich contract until 2027
https://www.bbc.co.uk/news/entertainment-arts-59726874,News,BBC World Service,Entertainment & Arts,https://ichef.bbci.co.uk/news/416/cpsprodpb/10E34/production/_122327196_gettyimages-465283358.jpg,"Murray Head: 'Unsung at home, but a hero in France'"
https://www.bbc.co.uk/news/world-europe-59925408,News,BBC World Service,Europe,https://ichef.bbci.co.uk/news/416/cpsprodpb/9987/production/_122630393_gettyimages-1237607540.jpg,Covid: Thousands protest in France against proposed new vaccine pass
https://www.bbc.co.uk/programmes/m0014g47,Programmes,BBC World Service,BBC Radio Ulster,https://ichef.bbci.co.uk/images/ic/314x176/p0blbs3m.jpg,Sportsound: Six Nations Rugby: France v Ireland
https://www.bbc.co.uk/sport/av/rugby-union/56872509,Programmes,BBC World Service,Rugby Union,https://ichef.bbci.co.uk/news/416/cpsprodpb/AB2A/production/_118181834_p09fp111.jpg,Best of 2021: Women's Six Nations Highlights - England beat France 10-6 to win tournament for third year in a row
https://www.bbc.co.uk/programmes/b08d7qlq,Programmes,BBC World Service,BBC Four,https://ichef.bbci.co.uk/images/ic/314x176/p04s94r2.jpg,Art of France: Series 1: There Will Be Blood
https://www.bbc.co.uk/programmes/b08f1bw0,Programmes,BBC World Service,BBC Four,https://ichef.bbci.co.uk/images/ic/314x176/p04s94rc.jpg,Art of France: Series 1: This Is the Modern World
https://www.bbc.co.uk/news/technology-59909647,News,Unknown,Technology,https://ichef.bbci.co.uk/news/416/cpsprodpb/C51D/production/_122616405_gettyimages-1325679921.jpg,France fines Google and Facebook over cookies
https://www.bbc.co.uk/sport/cycling/59730211,News,Unknown,Cycling,https://ichef.bbci.co.uk/news/416/cpsprodpb/5F00/production/_122302342_gettyimages-1338236300.jpg,Geraint Thomas: Former Tour de France winner remains with Ineos Grenadiers on two-year deal
https://www.bbc.co.uk/news/world-middle-east-59868726,News,Unknown,Middle East,https://ichef.bbci.co.uk/news/416/cpsprodpb/D8D4/production/_122580555_mediaitem122580554.jpg,Dakar Rally: France opens terrorism probe into Saudi Arabia blast
https://www.bbc.co.uk/programmes/p04nll13,Programmes,Unknown,BBC Two,https://ichef.bbci.co.uk/images/ic/314x176/p04v9kc4.jpg,Special Forces - Ultimate Hell Week: Series 2: GIGN - France
https://www.bbc.co.uk/programmes/b08cgjv7,Programmes,Unknown,BBC Four,https://ichef.bbci.co.uk/images/ic/314x176/p04qmklf.jpg,Art of France: Series 1: Plus Ça Change
https://www.bbc.co.uk/programmes/b08cgqc3,Programmes,Unknown,BBC Four,https://ichef.bbci.co.uk/images/ic/314x176/p04qmk7h.jpg,Art of France: Series 1
https://www.bbc.co.uk/news/uk-england-manchester-59875432,News,Unknown,Manchester,https://ichef.bbci.co.uk/news/416/cpsprodpb/982C/production/_121065983_hi071139126.jpg,Ryanair plane from Manchester diverted to France over smoke smell
https://www.bbc.co.uk/news/uk-59710482,News,Unknown,UK,https://ichef.bbci.co.uk/news/416/cpsprodpb/167F3/production/_122274129_p0bbwx21.jpg,France travel ban: Time-lapse shows long Eurostar queue at St Pancras
https://www.bbc.co.uk/news/uk-59708107,News,Unknown,UK,https://ichef.bbci.co.uk/news/416/cpsprodpb/EB9C/production/_122261306_hi072674208.jpg,France travel ban: UK tourists need essential reason for entry
https://www.bbc.co.uk/news/world-europe-59679861,News,Unknown,Europe,https://ichef.bbci.co.uk/news/416/cpsprodpb/EEBA/production/_122241116_mediaitem122241112.jpg,Covid: France to drastically restrict travel from UK
https://www.bbc.co.uk/programmes/w172y4d1trr857r,Programmes,BBC World Service,5 January,https://ichef.bbci.co.uk/images/ic/314x176/p0bfg32z.jpg,World Business Report: France debates new Covid vaccination rules
https://www.bbc.co.uk/news/world-europe-59867046,News,BBC World Service,Europe,https://ichef.bbci.co.uk/news/416/cpsprodpb/583B/production/_122578522_bog2.jpg,France's Bogdanoff TV twins die of Covid six days apart
https://www.bbc.co.uk/programmes/w3csvtvx,Programmes,BBC World Service,11 January 2018,https://ichef.bbci.co.uk/images/ic/314x176/p05tfl4b.jpg,Witness History: When France said 'Non' to Britain joining the EEC
https://www.bbc.co.uk/programmes/p008hffq,Programmes,BBC World Service,13 July 2010,https://ichef.bbci.co.uk/images/ic/314x176/p070k2rj.jpg,Witness History: Tragedy on the Tour de France
https://www.bbc.co.uk/programmes/p008gr35,Programmes,BBC World Service,5 July 2010,https://ichef.bbci.co.uk/images/ic/314x176/p033gqrn.jpg,Witness History: Witness: the Algerians who fought for France
https://www.bbc.co.uk/programmes/m000s74g,Programmes,BBC News Channel,10 February 2021,https://ichef.bbci.co.uk/images/ic/314x176/p0977x08.jpg,"HARDtalk: Clement Beaune - Minister for Europe, France"
https://www.bbc.co.uk/programmes/m0014j6r,Programmes,BBC News Channel,BBC Radio 5 live,https://ichef.bbci.co.uk/images/ic/314x176/p0bn2trd.jpg,Six Nations 2022: France v Ireland
https://www.bbc.co.uk/news/world-europe-59791765,News,BBC News Channel,Europe,https://ichef.bbci.co.uk/news/416/cpsprodpb/CF28/production/_122523035_gettyimages-1232287167.jpg,France shuts mosque in Beauvais for sermons 'defending jihad'
https://www.bbc.co.uk/news/world-europe-59805829,News,BBC News Channel,Europe,https://ichef.bbci.co.uk/news/416/cpsprodpb/985A/production/_122520093_gettyimages-1237407404.jpg,Covid: France tightens restrictions amid Omicron surge
https://www.bbc.co.uk/news/uk-59807923,News,BBC News Channel,UK,https://ichef.bbci.co.uk/news/416/cpsprodpb/CC94/production/_111527325_index_daily_update_version02_cv_976new.png,Covid: English pubs welcome no curbs and France tightens measures
lastUpdated: ,2022-04-04 13:17:15.815686,with userQuery: france
